,accuracy_train,accuracy_valid,accuracy_test
1,0.3733546543443282,0.3534512540634011,0.3611298724145223
2,0.37316506339803507,0.34832000549181114,0.361386503521896
3,0.3851437256186358,0.3598949809056192,0.3639191433518126
