,loss,accuracy_score_train,accuracy_score_valid,accuracy_score_test,precision_score_test,recall_score_test,f1_score_test,f0.5_score_test,f2_score_test,r2_score_test,cohen_kappa_score,hamming_loss,jaccard_score
0,-0.4652230971128609,0.6181844250542788,0.49084967320261436,0.4652230971128609,0.4652230971128609,0.4652230971128609,0.4652230971128609,0.465223097112861,0.465223097112861,-0.746464255448259,0.18495828526656877,0.5347769028871391,0.2934203833167564
1,-0.5065963060686016,0.7941047879533507,0.5570866141732284,0.5065963060686016,0.5065963060686016,0.5065963060686016,0.5065963060686016,0.5065963060686016,0.5065963060686016,-0.615369013440745,0.17254101291427015,0.49340369393139843,0.2962880877261672
