,accuracy_train,accuracy_valid,accuracy_test
0,0.38327619615708475,0.36347511564736257,0.36792365163625607
