,accuracy_train,accuracy_valid,accuracy_test
9,0.379577603975492,0.356676987939943,0.3712596608050674
